sapBPCode;code;CardName;CardFName;Type;sales;creditlimit;locklimit(days);pymntgroup
RS0201;102.193;PALM RESTO;PALM RESTO;Restaurant;80;300000;0;4
RS0202;102.195;PALMYRA RESTAURANT;PALMYRA RESTAURANT;Restaurant;81;300000;14;4
FC0003;113.002;ALILA HOTEL SOLO (FoC);ALILA HOTEL SOLO (FoC);FC;77;1000000;30;4
PC0003;102.047;ALMAMATER;ALMAMATER;Coffee Shop;77;1000000;0;4
RS0025;102.209;BESALI RESTO (PT.SINERGI COLOMADU);PT.SINERGI COLOMADU;Restaurant;77;7000000;30;4
PC0008;114.007;BLACKBIRD COFFEE;BLACKBIRD COFFEE;Coffee Shop;77;1000000;0;4
HT0010;101.015;BROTHERS INN;BROTHERS INN;Hotel;77;3500000;0;4
UM0006;115.02;BU RATIH (PARU);BU RATIH (PARU);Umum;77;3000000;0;4
RS0038;102.062;CALIFORNIA FISH KITCHEN;CALIFORNIA FISH KITCHEN;Restaurant;77;7000000;0;4
RS0042;106.008;CLOUD SUPPLY (PT. ASCARYA GLOBAL);PT. ASCARYA GLOBAL;Restaurant;77;1000000;0;4
RS0044;102.304;COZE RESTO;COZE RESTO;Restaurant;77;5000000;0;4
RS0069;102.01;DBROTHER;DBROTHER;Restaurant;77;1000000;0;4
RS0043;102.267;DE'COFFIE TENTREM;DE'COFFIE TENTREM;Restaurant;77;300000;0;4
DS0007;104.001;DHAMA ALILA;DHAMA ALILA;Distributor;77;8000000;0;4
PC0023;114.097;DON COFFE;DON COFFE;Coffee Shop;77;1000000;0;4
DS0006;106.013;DUTA RASA MEATSHOP;DUTA RASA MEATSHOP;Distributor;77;5000000;0;4
RS0362;102.096;EGGPERIANCE;EGGPERIANCE;Restaurant;77;5000000;7;4
RS0087;102.091;ERIGO;ERIGO;Restaurant;77;1000000;14;4
RS0092;102.099;EXECUTIVE KARAOKE;EXECUTIVE KARAOKE;Restaurant;77;5000000;14;4
RS0094;102.104;FITSARIA SRAGEN;FITSARIA SRAGEN;Restaurant;77;1000000;7;4
HT0014;101.017;FRONT ONE HOTEL (PT. ADI SUMARMO ADI GUNA);PT. ADI SUMARMO ADI GUNA;Hotel;77;3000000;7;4
RS0104;114.024;GULA BATU;GULA BATU;Restaurant;77;5000000;0;4
RS0108;102.014;HAPPY TUTI;HAPPY TUTI;Restaurant;77;5000000;28;4
UM0014;115.057;IBU DEWI;IBU DEWI;Umum;77;3000000;14;4
UM0017;115.041;IBU PARTINI;IBU PARTINI;Umum;77;300000;0;4
RS0364;102.119;ILALANG RESTO;ILALANG RESTO;Restaurant;77;300000;0;4
RS0121;102.118;INTRO LOUNGE AND RESTO;INTRO LOUNGE AND RESTO;Restaurant;77;300000;30;4
RS0124;113.001;JAVA TERRACE KITCHEN & BAR (FoC);JAVA TERRACE KITCHEN & BAR (FoC);Restaurant;77;0;0;4
DS0011;106.004;JURAGAN FROZEN (MBA NINIS);JURAGAN FROZEN (MBA NINIS);Distributor;77;5000000;30;4
RS0132;102.016;KAMPUNG CAHAYA;KAMPUNG CAHAYA;Restaurant;77;5000000;0;4
PC0040;114.003;KELANA COFFE;KELANA COFFE;Coffee Shop;77;1000000;7;4
UM0026;115.011;KERIPIK PARU SARI ROSO (I);KERIPIK PARU SARI ROSO (I);Umum;77;5000000;0;4
RS0292;102.132;KHENG HOUSE;KHENG HOUSE;Restaurant;77;5000000;0;4
PC0042;102.015;KOLONIAL;KOLONIAL;Coffee Shop;77;1000000;14;4
RS0143;102.128;K PATATS SOLO;K PATATS SOLO;Restaurant;77;300000;0;4
RS0145;102.147;LA CASETTA;LA CASETTA;Restaurant;77;5000000;14;4
PC0050;114.051;LA JAVA KEPATIHAN;LA JAVA KEPATIHAN;Coffee Shop;77;1000000;30;4
RS0152;102.146;LIBERICA CAFE ALILA;LIBERICA CAFE ALILA;Restaurant;77;2000000;7;4
UM0028;115.039;MARKETING INDOGUNA SOLO;MARKETING INDOGUNA SOLO;Karyawan;77;5000000;0;4
RS0159;102.155;MARY ANNE'S RESTAURANT SOLO;MARY ANNE'S RESTAURANT SOLO;Restaurant;77;5000000;0;4
UM0029;115.003;MBAK YANIK;MBAK YANIK;Umum;77;2000000;7;4
RS0167;115.016;MERCANT (APPA YA);MERCANT (APPA YA);Restaurant;77;2000000;0;4
RS0170;102.321;MIX GREEN;MIX GREEN;Restaurant;77;1000000;0;4
RS0171;102.165;MOJU MOJU;MOJU MOJU;Restaurant;77;5000000;35;4
RS0034;102.162;MYSTIC (CV. MULTI ADIGUNA);CV. MULTI ADIGUNA;Restaurant;77;10000000;0;4
RS0181;102.172;NDORO DONGKER;NDORO DONGKER;Restaurant;77;5000000;14;4
RS0184;102.173;NOTABENE BISTRO;NOTABENE BISTRO;Restaurant;77;2000000;14;4
RS0187;102.179;OBONK STEAK KLECO SOLO;OBONK STEAK KLECO SOLO;Restaurant;77;300000;0;4
RS0192;102.187;OJO GOSONG SUKI & GRILL;OJO GOSONG SUKI & GRILL;Restaurant;77;1000000;14;4
RS0194;102.186;OMAH JAWI;OMAH JAWI;Restaurant;77;500000;0;4
RS0199;102.175;ORIENT RESTAURANT;ORIENT RESTAURANT;Restaurant;77;300000;0;4
UM0035;115.045;PAK BAGUS;PAK BAGUS;Umum;77;500000;28;4
UM0042;102.206;PAK LABIB;PAK LABIB;Umum;77;5000000;0;4
RS0215;102.021;PATBINGSOO;PATBINGSOO;Restaurant;77;5000000;7;4
RS0219;102.212;PIZZA BEE (HOTEL KOTA);PIZZA BEE (HOTEL KOTA);Restaurant;77;1000000;0;4
RS0226;102.204;PLATE O DIRTY TABLE;PLATE O DIRTY TABLE;Restaurant;77;15000000;0;4
HT0028;101.039;PREMIER INN SATORIA HOTEL (PT. SATORIA PRIMA PERSADA);PT. SATORIA PRIMA PERSADA;Hotel;77;5000000;0;4
RS0239;102.218;QUEEN'S CANE N KEBAB;QUEEN'S CANE N KEBAB;Restaurant;77;5000000;7;4
RS0267;102.225;RALANA EATERY;RALANA EATERY;Restaurant;77;5000000;0;4
RS0278;102.23;RISMA BROWNIES AND CAKE;RISMA BROWNIES AND CAKE;Restaurant;77;1000000;14;4
HT0044;101.041;RUMAH BOEDI RESIDANCE VILLA BOROBUDUR;RUMAH BOEDI RESIDANCE VILLA BOROBUDUR;Hotel;77;0;0;4
RS0256;102.24;SARI BUNDO PADANG;SARI BUNDO PADANG;Restaurant;77;1000000;0;4
RS0287;113.003;SARI BUNDO PADANG (FoC);SARI BUNDO PADANG (FoC);Restaurant;77;0;7;4
PC0062;114.075;SATU TUJUAN KOPI;SATU TUJUAN KOPI;Coffee Shop;77;1000000;0;4
RS0298;102.249;SHAWAR MANIS;SHAWAR MANIS;Restaurant;77;5000000;7;4
RS0299;102.26;SIMHAE;SIMHAE;Restaurant;77;5000000;7;4
RS0308;102.182;SOLO ITALIANO Restaurant;SOLO ITALIANO Restaurant;Restaurant;77;5000000;7;4
RS0309;102.251;SOLO PLUFFY;SOLO PLUFFY;Restaurant;77;5000000;7;4
RS0311;102.258;STAR STEAK BOYOLALI;STAR STEAK BOYOLALI;Restaurant;77;10000000;30;4
DS0014;106.028;SUNRISE MEATSHOP & SUPLIYER;SUNRISE MEATSHOP & SUPLIYER;Distributor;77;5000000;14;4
UM0050;115.056;THOMAS;THOMAS;Umum;77;5000000;0;4
RS0333;102.28;TIMLO SOLO;TIMLO SOLO;Restaurant;77;1000000;0;4
RS0060;102.273;TJEMAL TJEMIL;TJEMAL TJEMIL;Restaurant;77;5000000;0;4
RS0336;102.272;TOKIO BOWL;TOKIO BOWL;Restaurant;77;10000000;7;4
RS0193;102.278;TOKI-TOKI;TOKI-TOKI;Restaurant;77;1000000;0;4
RS0351;114.089;WHEELBUZ CAFE;WHEELBUZ CAFE;Restaurant;77;5000000;0;4
RS0352;102.291;WHITE PAAL Restaurant;WHITE PAAL Restaurant;Restaurant;77;5000000;0;4
RS0353;102.302;WIDORI KARTASURA;WIDORI KARTASURA;Restaurant;77;5000000;0;4
RS0354;101.054;WISATA NIAGA HOTEL;WISATA NIAGA HOTEL;Restaurant;77;5000000;0;4
HT0001;102.293;WISMA BOGA REST;WISMA BOGA REST;Hotel;77;2000000;0;4
RS0111;102.013;HOB (EX. SCORE BAR);HOB (EX. SCORE BAR);Restaurant;77;50000000;7;6
RS0149;102.017;LAVA BAR AND KITCHEN (CV. DASA JAYA PERKASA);CV. DASA JAYA PERKASA;Restaurant;77;10000000;7;6
RS0318;114.076;SUASIKO COFFE;SUASIKO COFFE;Restaurant;77;1000000;7;6
RS0335;102.301;TIRAI BAMBOO;TIRAI BAMBOO;Restaurant;77;1000000;30;6
RS0051;102.086;DAINTY KITCHEN;DAINTY KITCHEN;Restaurant;77;5000000;14;7
RS0367;102.106;GARDEN RESTO;GARDEN RESTO;Restaurant;77;5000000;14;7
HT0011;101.019;GRAND ORCHID HOTEL;GRAND ORCHID HOTEL;Hotel;77;300000;30;7
PC0032;114.028;HEIKA KOPI SUKOHARJO;HEIKA KOPI SUKOHARJO;Coffee Shop;77;20000000;14;7
RS0114;101.02;HOTEL GRAND MEGA RESORT;HOTEL GRAND MEGA RESORT;Restaurant;77;300000;14;7
PC0038;114.038;KEDAI KOPI NDOMBLONG;KEDAI KOPI NDOMBLONG;Coffee Shop;77;1000000;14;7
RS0249;114.053;LUX CAFE;LUX CAFE;Restaurant;77;10000000;14;7
RS0061;115.013;MARAKEZ;MARAKEZ;Restaurant;77;5000000;14;7
HT0043;102.229;RUMAH AT SIRI;RUMAH AT SIRI;Hotel;77;100000000;14;7
RS0304;102.239;SOLARIA SOLO PARAGON;SOLARIA SOLO PARAGON;Restaurant;77;25000000;30;7
RS0314;102.248;STEAK TOGETHER SOLO;STEAK TOGETHER SOLO;Restaurant;77;1000000;30;7
RS0053;102.269;THE TRANS RESTAURANT;THE TRANS RESTAURANT;Restaurant;77;2000000;14;7
HT0030;101.006;ALILA HOTEL SOLO (PT. NARENDRA LENTERA ADISAKTI);PT. NARENDRA LENTERA ADISAKTI;Hotel;77;200000000;30;9
HT0034;101.002;AMARELLO HOTEL (PT. GUNTUR MADU TAMA);PT. GUNTUR MADU TAMA;Hotel;77;10000000;28;9
UM0001;115.023;BAPAK HARTONO;BAPAK HARTONO;Umum;77;5000000;30;9
DS0003;114.01;BEANS AND CO;BEANS AND CO;Distributor;77;3000000;30;9
RS0032;102.052;BUANA LOUNGE;BUANA LOUNGE;Restaurant;77;5000000;28;9
RS0116;102.116;HUNGRY BEAR (WIDURAN);HUNGRY BEAR (WIDURAN);Restaurant;77;5000000;30;9
UM0031;106.016;MEATSHOP (CV. JOGJA BOGA UTAMA);CV. JOGJA BOGA UTAMA;Meat Shop;77;900000000;30;9
RS0055;101.032;NAVA HOTEL (PT. NAVA SAMGATA);PT. NAVA SAMGATA;Restaurant;77;5000000;30;9
HT0040;101.043;RAMADA SWITES HOTEL;RAMADA SWITES HOTEL;Hotel;77;10000000;30;9
RS0272;102.222;RELAX RESTO;RELAX RESTO;Restaurant;77;300000;30;9
HT0031;101.053;SOLIA ZIGNA HOTEL (PT.HAILAI SINAR CEMERLANG);PT.HAILAI SINAR CEMERLANG;Hotel;77;5000000;28;9
HT0038;101.045;SOLO INN HOTEL;SOLO INN HOTEL;Hotel;77;500000;28;9
HT0046;101.034;SOLO PARAGON HOTEL RESIDENCE (PT. SUNINDO GAPURA PRIMA);PT. SUNINDO GAPURA PRIMA;Hotel;77;30000000;30;9
HT0048;101.049;SWISS BELL INN SARIPETOJO (PT. SOLO REGENCY HOTEL);PT. SOLO REGENCY HOTEL;Hotel;77;500000000;30;9
RS0004;102.282;TJANGKIR GENDHIS;TJANGKIR GENDHIS;Restaurant;77;1000000;30;9
DS0021;106.022;TOKO ASIA BARU;TOKO ASIA BARU;Distributor;77;1000000;30;9
DS0020;106.03;TOKO ATOM;TOKO ATOM;Distributor;77;1000000;30;9
RS0062;102.076;METRO (CV. METRO);CV. METRO;Restaurant;78;10000000;60;10
RS0366;102.036;ARJE'S KITCHEN;ARJE'S KITCHEN;Restaurant;78;5000000;30;4
UM0003;115.033;BAPAK JOKO SLAMETO;BAPAK JOKO SLAMETO;Umum;78;1000000;0;4
UM0004;115.021;BAPAK RONI;BAPAK RONI;Umum;78;5000000;0;4
HT0006;101.014;BARON INDAH HOTEL;BARON INDAH HOTEL;Hotel;78;5000000;0;4
DS0004;106.012;BEEF BRO MEATSHOP SOLO;BEEF BRO MEATSHOP SOLO;Distributor;78;10000000;0;4
PC0009;114.012;BLACK BIRD COFFE SOLO;BLACK BIRD COFFE SOLO;Coffee Shop;78;1000000;0;4
HT0009;101.012;BROTHERS HOTEL SOLO;BROTHERS HOTEL SOLO;Hotel;78;20000000;0;4
PC0012;102.055;BURGER DAN KOPI LAWE;BURGER DAN KOPI LAWE;Coffee Shop;78;5000000;0;4
PC0016;114.017;CALYA COFFE AND EATERY;CALYA COFFE AND EATERY;Coffee Shop;78;5000000;30;4
UM0008;115.024;CIK MEI MEI;CIK MEI MEI;Umum;78;3000000;0;4
PC0018;114.015;CNY COFFEE & KITCHEN;CNY COFFEE & KITCHEN;Coffee Shop;78;1000000;30;4
PC0021;102.07;COOLFRAME;COOLFRAME;Coffee Shop;78;5000000;0;4
RS0045;102.063;CROWN BILYARD;CROWN BILYARD;Restaurant;78;5000000;30;4
RS0070;102.088;D'CAPELLO RESTO;D'CAPELLO RESTO;Restaurant;78;2000000;0;4
RS0071;102.235;DE PARISHA RESTAURANT;DE PARISHA RESTAURANT;Restaurant;78;500000;0;4
RS0065;102.08;DYNASTI WANG RESTAURANT;DYNASTI WANG RESTAURANT;Restaurant;78;10000000;0;4
RS0083;102.094;EL BURITOS;EL BURITOS;Restaurant;78;5000000;0;4
RS0088;102.092;ES ENY TERBAN;ES ENY TERBAN;Restaurant;78;300000;0;4
RS0095;102.011;FND (FOOD N DRINK);FND (FOOD N DRINK);Restaurant;78;1000000;0;4
HT0015;101.018;FRONT ONE HOTEL SRAGEN (PT. WAW ANGKASA WIJAYA);PT. WAW ANGKASA WIJAYA;Hotel;78;1000000;7;4
DS0009;106.025;GUN FROZEN FOOD;GUN FROZEN FOOD;Distributor;78;2000000;7;4
UM0011;115.018;IBU ANIK;IBU ANIK;Umum;78;10000000;0;4
UM0018;115.001;IBU RIPTINAH;IBU RIPTINAH;Umum;78;300000;0;4
RS0118;102.12;IN CONTRO RESTAURANT (PT. CIPTA REJEKI BERSAMA);PT. CIPTA REJEKI BERSAMA;Restaurant;78;5000000;7;4
RS0130;102.135;KAKKOII RESTO;KAKKOII RESTO;Restaurant;78;5000000;0;4
RS0133;102.133;KAMPUNG CAHAYA RESTAURAN;KAMPUNG CAHAYA RESTAURAN;Restaurant;78;5000000;7;4
PC0039;114.033;KEDAI KOPI SOLO;KEDAI KOPI SOLO;Coffee Shop;78;5000000;0;4
RS0136;102.138;KENEE GRILL & SUKI;KENEE GRILL & SUKI;Restaurant;78;5000000;7;4
UM0027;115.036;KEVIN;KEVIN;Umum;78;1000000;0;4
RS0138;102.129;KIMCHI RESTAURANT;KIMCHI RESTAURANT;Restaurant;78;2000000;0;4
PC0048;114.045;KULONUWUN KOPI;KULONUWUN KOPI;Coffee Shop;78;2000000;0;4
PC0049;114.05;LA JAVA COFFEE;LA JAVA COFFEE;Coffee Shop;78;5000000;0;4
RS0153;114.048;LIBERICA COFFEE (PT. LIBERICA);PT. LIBERICA;Restaurant;78;2000000;7;4
RS0156;102.166;MABAR & LAVINE MANAHAN;MABAR & LAVINE MANAHAN;Restaurant;78;2500000;14;4
DS0013;106.002;MARTHA FOOD;MARTHA FOOD;Distributor;78;2000000;0;4
DS0015;106.003;MAS DENI HS;MAS DENI HS;Distributor;78;5000000;0;4
RS0172;102.305;MOMITA KITCHEN;MOMITA KITCHEN;Restaurant;78;5000000;0;4
PC0011;114.095;MRCL COFFE STUDIO;MRCL COFFE STUDIO;Coffee Shop;78;5000000;0;4
RS0176;102.174;NAKAMA;NAKAMA;Restaurant;78;1000000;30;4
RS0263;102.158;NEW MERAPI RESTO;NEW MERAPI RESTO;Restaurant;78;5000000;0;4
RS0169;102.17;NIHON TEI RESTAURANT;NIHON TEI RESTAURANT;Restaurant;78;1000000;0;4
FC0001;102.336;OBONK STEAK SOLO (FoC);OBONK STEAK SOLO (FoC);FC;78;0;7;4
RS0189;102.315;OLA VITA;OLA VITA;Restaurant;78;1000000;7;4
RS0195;102.181;OMAH SINTEN;OMAH SINTEN;Restaurant;78;5000000;14;4
RS0200;102.177;O-SOLO-MIO;O-SOLO-MIO;Restaurant;78;5000000;14;4
UM0036;115.005;PAK BUDI MAGELANG;PAK BUDI MAGELANG;Umum;78;10000000;0;4
UM0038;115.038;PAK MARVIN;PAK MARVIN;Umum;78;10000000;7;4
RS0207;102.201;PAR3;PAR3;Restaurant;78;1000000;7;4
RS0208;102.197;PAR 3 RESTO GOLF;PAR 3 RESTO GOLF;Restaurant;78;500000;0;4
RS0209;102.215;PAR FOUR CAFE;PAR FOUR CAFE;Restaurant;78;5000000;0;4
RS0211;102.199;PART3 GOLF;PART3 GOLF;Restaurant;78;5000000;7;4
RS0212;114.066;PEACOCK COFFEE;PEACOCK COFFEE;Restaurant;78;5000000;0;4
RS0220;102.203;PIZZA HOUSE;PIZZA HOUSE;Restaurant;78;5000000;0;4
RS0227;114.07;PLATE-O KLATEN;PLATE-O KLATEN;Restaurant;78;1000000;14;4
RS0231;102.213;POLAR BEAR;POLAR BEAR;Restaurant;78;5000000;7;4
HT0029;101.038;PRIMA INN HOTEL;PRIMA INN HOTEL;Hotel;78;500000;0;4
RS0268;102.22;RAMAYANA COFFEE;RAMAYANA COFFEE;Restaurant;78;300000;0;4
RS0273;102.228;REPHAS;REPHAS;Restaurant;78;5000000;0;4
RS0279;102.219;ROCKET RESTO;ROCKET RESTO;Restaurant;78;300000;0;4
RS0281;114.035;RUMAH KOPI SRAGEN;RUMAH KOPI SRAGEN;Restaurant;78;1000000;0;4
RS0284;102.075;SAFFRON RESTAURANT & MEATSHOP;SAFFRON RESTAURANT & MEATSHOP;Restaurant;78;20000000;30;4
RS0286;102.264;SALAD SQUAD;SALAD SQUAD;Restaurant;78;10000000;15;4
CT0009;104.005;SARI MELATI CATERING;SARI MELATI CATERING;Catering;78;5000000;15;4
PC0063;114.081;SAUDAGAR COFFE;SAUDAGAR COFFE;Coffee Shop;78;2000000;0;4
RS0300;102.253;SFA STEAK KARANGANYAR;SFA STEAK KARANGANYAR;Restaurant;78;30000000;30;4
FC0004;102.329;SFA STEAK KARANGANYAR (FoC);SFA STEAK KARANGANYAR (FoC);FC;78;0;0;4
PC0056;114.094;SOLIZ COFFE;SOLIZ COFFE;Coffee Shop;78;3000000;7;4
RS0315;102.026;STEFANY BAKERY & STEAK;STEFANY BAKERY & STEAK;Restaurant;78;3000000;0;4
RS0319;102.247;SUGAR KARAOKE;SUGAR KARAOKE;Restaurant;78;5000000;0;4
RS0321;102.266;SUMMER STREET MOCKTAIL;SUMMER STREET MOCKTAIL;Restaurant;78;1000000;0;4
RS0322;102.246;SUN CITY Restaurant;SUN CITY Restaurant;Restaurant;78;2000000;7;4
UM0049;115.05;SURYO;SURYO;Umum;78;1000000;0;4
RS0331;102.277;THE BARREL;THE BARREL;Restaurant;78;1000000;14;4
RS0332;102.276;THE HIDDEN PLACE;THE HIDDEN PLACE;Restaurant;78;1000000;0;4
RS0371;102.183;THE OISHI BAR;THE OISHI BAR;Restaurant;78;2000000;30;4
PC0067;114.091;TOMUAN COFFE;TOMUAN COFFE;Coffee Shop;78;10000000;30;4
RS0372;102.274;TONG TJI;TONG TJI;Restaurant;78;5000000;30;4
CT0007;102.27;TSABITA JASA BOGA;TSABITA JASA BOGA;Catering;78;3000000;7;4
CT0008;104.007;TULAS CATERING;TULAS CATERING;Catering;78;10000000;0;4
UM0051;106.029;TUTI SRI NURYANTI;TUTI SRI NURYANTI;Umum;78;1000000;7;4
RS0357;102.331;YAKINIKU LIKE (PT. BOGA MAKMUR MANDIRI);PT. BOGA MAKMUR MANDIRI;Restaurant;78;3000000;30;4
RS0358;102.003;YANTI'S KITCHEN;YANTI'S KITCHEN;Restaurant;78;10000000;7;4
RS0010;102.045;ALAMAMA RESTO;ALAMAMA RESTO;Restaurant;78;50000000;7;6
RS0003;102.328;ARMEY KITCHEN;ARMEY KITCHEN;Restaurant;78;50000000;7;6
PC0005;114.09;BABRAK SPACE;BABRAK SPACE;Coffee Shop;78;20000000;7;6
RS0077;102.077;DOUBLE DECKER RESTAURANT;DOUBLE DECKER RESTAURANT;Restaurant;78;10000000;7;6
RS0113;114.029;HONKY TONK PIZZABAR;HONKY TONK PIZZABAR;Restaurant;78;5000000;7;6
RS0122;102.307;INUL VISTA SOLO (CV. SAPTA BHARATA PRIMA);CV. SAPTA BHARATA PRIMA;Restaurant;78;3000000;7;6
PC0036;114.034;KAYU MANIS COFFEE SHOP;KAYU MANIS COFFEE SHOP;Coffee Shop;78;20000000;7;6
RS0022;101.076;BARON HOUSE;BARON HOUSE;Restaurant;78;30000000;14;7
RS0049;102.074;DAEGU GRILL RESTAURANT;DAEGU GRILL RESTAURANT;Restaurant;78;20000000;14;7
RS0066;102.009;DALI GELATO UMS;DALI GELATO UMS;Restaurant;78;1000000;14;7
RS0098;102.072;GARDEN RESTO NEW DE PARIS;GARDEN RESTO NEW DE PARIS;Restaurant;78;4000000;14;7
RS0109;102.117;HELLO COW;HELLO COW;Restaurant;78;5000000;14;7
RS0146;102.15;LA MEXICANA;LA MEXICANA;Restaurant;78;5000000;14;7
HT0025;101.069;MAHALAYA;MAHALAYA;Hotel;78;10000000;14;7
CT0003;104.003;MARIAM CATERING SOLO;MARIAM CATERING SOLO;Catering;78;1000000;14;7
RS0179;102.313;NAV KARAOKE SOLO 2 (PT. NAV JAYA MANDIRI);PT. NAV JAYA MANDIRI;Restaurant;78;300000;14;7
RS0210;102.189;PAR FOUR C.H. GRILL & BBQ;PAR FOUR C.H. GRILL & BBQ;Restaurant;78;300000;14;7
RS0255;102.051;SAE GROUP;SAE GROUP;Restaurant;78;5000000;14;7
RS0059;102.024;SOLARIA HARTONO MALL;SOLARIA HARTONO MALL;Restaurant;78;25000000;30;7
RS0035;102.298;XO SUKI & GRILL SOLO;XO SUKI & GRILL SOLO;Restaurant;78;50000000;14;7
PC0004;114.008;BABE'S COFFEE;BABE'S COFFEE;Coffee Shop;78;1000000;30;9
HT0007;101.013;BEST WESTERN SOLO BARU (PT. DELTA MERLIN DUNIA PROPERTI);PT. DELTA MERLIN DUNIA PROPERTI;Hotel;78;50000000;30;9
RS0033;102.049;BUBBLES RESTO;BUBBLES RESTO;Restaurant;78;0;30;9
RS0074;102.339;DIAMOND RESTO (CV. DIAMOND);CV. DIAMOND;Restaurant;78;10000000;30;9
HT0013;101.016;FAVE HOTEL ADISUTJIPTO (PT. DELTA MERLIN DUNIA PROPERTI);PT. DELTA MERLIN DUNIA PROPERTI;Hotel;78;50000000;30;9
HT0018;101.023;GRASS INN HOTEL SOLO;GRASS INN HOTEL SOLO;Hotel;78;5000000;30;9
HT0019;101.024;HARRIS HOTEL & CONVENTION SOLO (PT. CIPTA PROPERTI AGUNG);PT. CIPTA PROPERTI AGUNG;Hotel;78;70000000;30;9
RS0125;102.275;JAVA TERRACE KITCHEN & BAR (PT. CIPTA PROPERTI AGUNG);PT. CIPTA PROPERTI AGUNG;Restaurant;78;60000000;30;9
PC0060;114.042;KOPI KEPI / LA FOLLA;KOPI KEPI / LA FOLLA;Coffee Shop;78;1000000;28;9
RS0240;102.148;LAWEYAN BLUE MBAH BEI;LAWEYAN BLUE MBAH BEI;Restaurant;78;5000000;30;9
HT0027;101.03;NOVOTEL SOLO HOTEL (PT. SUNINDO INDAH HOTEL);PT. SUNINDO INDAH HOTEL;Hotel;78;50000000;30;9
RS0259;102.176;OBONK STEAK SOLO;OBONK STEAK SOLO;Restaurant;78;3000000;30;9
RS0236;106.026;PT. JITU BOGA PERSADA;PT. JITU BOGA PERSADA;Restaurant;78;10000000;30;9
RS0306;101.052;SOLIA HOTEL YOSODIPURO;SOLIA HOTEL YOSODIPURO;Restaurant;78;5000000;28;9
PC0066;114.079;STASIUN KOPI (PT. STASIUN KOPI SOLO);PT. STASIUN KOPI SOLO;Coffee Shop;78;5000000;28;9
HT0035;101.05;SYARIAH LOR IN HOTEL;SYARIAH LOR IN HOTEL;Hotel;78;1000000;30;9
HT0052;101.011;THE ROYAL SURAKARTA HERITAGE HOTEL (PT. SUNINDO INDAH HOTEL);PT. SUNINDO INDAH HOTEL;Hotel;78;50000000;30;9
HT0050;101.064;THE SUNAN HOTEL (PT. GRAHAMULYA WIRASTAMA);PT. GRAHAMULYA WIRASTAMA;Hotel;78;300000000;30;9
PC0001;114.093;ADLER KAFFEE;ADLER KAFFEE;Coffee Shop;79;50000000;0;4
DS0001;106.006;AZKAYRA FROZEN;AZKAYRA FROZEN;Distributor;79;3000000;0;4
UM0040;115.022;BAPAK ANGGA;BAPAK ANGGA;Umum;79;5000000;0;4
RS0024;102.007;BEE SQUARE;BEE SQUARE;Restaurant;79;5000000;30;4
RS0264;102.057;BIG BEEF;BIG BEEF;Restaurant;79;1000000;0;4
PC0010;114.096;BLACKBIRD PALUR;BLACKBIRD PALUR;Coffee Shop;79;1000000;0;4
RS0030;102.006;BROTHERHOOD;BROTHERHOOD;Restaurant;79;5000000;0;4
RS0037;102.303;BU INDRA ROTI BAKAR 543;BU INDRA ROTI BAKAR 543;Restaurant;79;5000000;7;4
PC0013;114.002;BUTLER COFFEE BOUTIQUE;BUTLER COFFEE BOUTIQUE;Coffee Shop;79;1000000;0;4
RS0039;102.064;CANDI RESTO;CANDI RESTO;Restaurant;79;15000000;14;4
PC0055;102.06;COCONUTS;COCONUTS;Coffee Shop;79;0;0;4
RS0046;102.068;CUMSUIS;CUMSUIS;Restaurant;79;1000000;0;4
RS0067;102.081;DALLAS RESTO (CV. METRO);CV. METRO;Restaurant;79;20000000;0;4
PC0025;114.018;D'COFFE CLUB SOLO;D'COFFE CLUB SOLO;Coffee Shop;79;5000000;0;4
RS0334;102.089;DEPOT BANDENG MURNI;DEPOT BANDENG MURNI;Restaurant;79;1000000;0;4
RS0078;102.084;DREAMT PHOTOGRAPHY;DREAMT PHOTOGRAPHY;Restaurant;79;1000000;30;4
RS0081;102.1;EATBOSS SOLO (CV. MAKMUR SENTOSO);CV. MAKMUR SENTOSO;Restaurant;79;7000000;0;4
RS0084;102.097;EL BURRITOS;EL BURRITOS;Restaurant;79;1000000;0;4
RS0089;102.095;EUPHORIA;EUPHORIA;Restaurant;79;5000000;14;4
RS0096;102.101;FOI GRILL & PASTA RESTAURANT;FOI GRILL & PASTA RESTAURANT;Restaurant;79;25000000;0;4
RS0105;102.111;HAILAI RESTAURANT;HAILAI RESTAURANT;Restaurant;79;300000;30;4
RS0112;102.112;HOME CAFE & RESTAURANT;HOME CAFE & RESTAURANT;Restaurant;79;8000000;7;4
HT0002;101.056;HOTEL KOTA (NANDA);HOTEL KOTA (NANDA);Hotel;79;1000000;14;4
UM0012;102.122;IBU AYU (CRAB AND FRIEND);IBU AYU (CRAB AND FRIEND);Umum;79;5000000;7;4
UM0009;115.029;IBU GUNAWAN;IBU GUNAWAN;Umum;79;5000000;3;4
UM0019;115.03;IBU UTAMI;IBU UTAMI;Umum;79;1000000;35;4
UM0044;115.028;IBU VEVE;IBU VEVE;Umum;79;1000000;0;4
PC0034;115.01;IELC (INTERACTIVE ENGLISH LANGUAGE CENTER);IELC (INTERACTIVE ENGLISH LANGUAGE CENTER);Coffee Shop;79;2000000;0;4
DS0010;106.014;INDOCOW MEATSHOP;INDOCOW MEATSHOP;Distributor;79;10000000;0;4
RS0119;102.124;ISTANBUL KEBAB TURKI;ISTANBUL KEBAB TURKI;Restaurant;79;1000000;0;4
RS0126;101.072;JEJU AYCE;JEJU AYCE;Restaurant;79;1000000;0;4
PC0070;114.037;KAMAYANGAN COFFE;KAMAYANGAN COFFE;Coffee Shop;79;5000000;30;4
RS0374;102.13;KARONSSIH RESTO;KARONSSIH RESTO;Restaurant;79;5000000;0;4
RS0134;102.139;KEBAB TURKI;KEBAB TURKI;Restaurant;79;1000000;14;4
PC0041;114.032;KEDAI KOPI SOLO;KEDAI KOPI SOLO;Coffee Shop;79;300000;0;4
UM0023;115.034;KERIPIK PARU HJ. GANIK;KERIPIK PARU HJ. GANIK;Umum;79;5000000;0;4
PC0024;114.047;KHAS COFFE;KHAS COFFE;Coffee Shop;79;1000000;28;4
PC0043;114.04;KOPI LITE;KOPI LITE;Coffee Shop;79;1200000;0;4
CT0001;104.002;KUSUMA CATERING;KUSUMA CATERING;Catering;79;5000000;7;4
HT0023;101.027;LAMPION HOTEL (PT WISMA BINALOKA);PT. WISMA BINALOKA;Hotel;79;1000000;14;4
PC0051;114.052;LAWU BREAK COFFEE;LAWU BREAK COFFEE;Coffee Shop;79;1000000;14;4
RS0154;102.143;LILY BISTRO;LILY BISTRO;Restaurant;79;300000;0;4
PC0052;102.163;MAKAN DAGING;MAKAN DAGING;Coffee Shop;79;5000000;0;4
RS0160;102.164;MASTER CHEESE PIZZA;MASTER CHEESE PIZZA;Restaurant;79;10000000;28;4
UM0030;115.012;MBOK MARNI;MBOK MARNI;Umum;79;5000000;0;4
RS0173;102.161;MOM PIZZA;MOM PIZZA;Restaurant;79;1000000;30;4
UM0033;115.037;MR. GEORGE;MR. GEORGE;Umum;79;300000;14;4
RS0175;114.061;NAMU COFFEE & EATERY SOLO;NAMU COFFEE & EATERY SOLO;Restaurant;79;1000000;0;4
RS0180;106.017;NAYARA BEEF AND FROZEN FOOD;NAYARA BEEF AND FROZEN FOOD;Restaurant;79;5000000;7;4
CT0004;104.004;NIKMAT RASA CATERING;NIKMAT RASA CATERING;Catering;79;1000000;7;4
PC0053;114.062;NYAWIJI COFFE KLATEN;NYAWIJI COFFE KLATEN;Coffee Shop;79;1000000;0;4
DS0017;102.316;OLEH OLEH BU MARGONO;OLEH OLEH BU MARGONO;Distributor;79;5000000;14;4
RS0196;102.325;O'PALLET;O'PALLET;Restaurant;79;5000000;0;4
RS0188;102.184;OVEN FRIED CHICKEN;OVEN FRIED CHICKEN;Restaurant;79;2000000;30;4
UM0037;102.208;PAK FENDY;PAK FENDY;Umum;79;5000000;0;4
DS0019;115.006;PAK SETIAWAN;PAK SETIAWAN;Distributor;79;20000000;0;4
RS0203;102.338;PALOMINA KITCHEN AND BAR;PALOMINA KITCHEN AND BAR;Restaurant;79;5000000;0;4
RS0206;114.071;PAPAT COFFE;PAPAT COFFE;Restaurant;79;1000000;0;4
RS0214;114.067;PERIDOT COFFE & TEA;PERIDOT COFFE & TEA;Restaurant;79;5000000;0;4
UM0043;110.001;PERSONAL;PERSONAL;Umum;79;10000000;30;4
FC0002;110.005;PERSONAL (FoC);PERSONAL (FoC);FC;79;0;14;4
RS0222;102.202;PIZZA RUMAH ROTI;PIZZA RUMAH ROTI;Restaurant;79;5000000;7;4
RS0228;102.2;PLATE O SOLO (PIPPELINE);PLATE O SOLO (PIPPELINE);Restaurant;79;15000000;0;4
RS0232;101.04;PONDOK TINGGAL HOTEL;PONDOK TINGGAL HOTEL;Restaurant;79;10000000;7;4
RS0269;102.224;RAMAYANA RESTAURANT;RAMAYANA RESTAURANT;Restaurant;79;10000000;7;4
RS0275;102.226;REPHAS BAKERY;REPHAS BAKERY;Restaurant;79;5000000;0;4
RS0277;109.001;RILASSATI KITCHEN AND PASTRY (none);RILASSATI KITCHEN AND PASTRY (none);Restaurant;79;3000000;7;4
HT0041;101.042;ROEMAH KOE HOTEL;ROEMAH KOE HOTEL;Hotel;79;1000000;30;4
RS0282;102.223;RUMAH MAKAN WONOSARI;RUMAH MAKAN WONOSARI;Restaurant;79;5000000;7;4
HT0022;101.044;SAHID KUSUMA HOTEL (PT. KUSUMA SAHID);PT. KUSUMA SAHID;Hotel;79;300000;7;4
HT0008;101.048;SALA VIEW HOTEL (PT. PANCA WIBAWA UTAMA);PT. PANCA WIBAWA UTAMA;Hotel;79;5000000;7;4
RS0288;110.003;SAS;SAS;Restaurant;79;3000000;30;4
RS0289;102.243;SCORE BAR & LOUNGE;SCORE BAR & LOUNGE;Restaurant;79;10000000;0;4
RS0301;102.322;SOCIAL KITCHEN RESTAURANT (none);SOCIAL KITCHEN RESTAURANT (none);Restaurant;79;5000000;30;4
FC0005;102.335;SOGA (FoC);SOGA (FoC);FC;79;50000000;0;4
RS0305;102.238;SOLARIA SOLO SQUARE;SOLARIA SOLO SQUARE;Restaurant;79;25000000;0;4
RS0056;102.25;SOLO BAKERY;SOLO BAKERY;Restaurant;79;500000;28;4
RS0307;106.005;SOLO FROZEN;SOLO FROZEN;Restaurant;79;5000000;30;4
RS0312;102.255;STEAK N CHEESE;STEAK N CHEESE;Restaurant;79;1000000;14;4
RS0265;115.052;STP SAHID;STP SAHID;Restaurant;79;1000000;0;4
UM0048;102.157;SUGIARTO GUNAWAN;SUGIARTO GUNAWAN;Umum;79;2000000;0;4
DS0023;106.02;SUMBER JADI JAYA;SUMBER JADI JAYA;Distributor;79;15000000;14;4
RS0323;102.254;SUPER CHICKEN SGM;SUPER CHICKEN SGM;Restaurant;79;3500000;7;4
RS0370;102.268;TAKIGAWA HARTONO MALL;TAKIGAWA HARTONO MALL;Restaurant;79;5000000;30;4
RS0330;102.271;TEKO RESTO;TEKO RESTO;Restaurant;79;5000000;0;4
RS0355;102.299;Xin-Xin Restaurant;Xin-Xin Restaurant;Restaurant;79;5000000;0;4
PC0017;114.069;CATNIPHORA;CATNIPHORA;Coffee Shop;79;5000000;7;6
RS0151;102.149;LEVEL ONE SOLO;LEVEL ONE SOLO;Restaurant;79;20000000;7;6
RS0157;102.159;MADAM XIANG;MADAM XIANG;Restaurant;79;5000000;7;6
RS0221;102.205;PIZZA RUMAH ROTI;PIZZA RUMAH ROTI;Restaurant;79;5000000;7;6
RS0313;102.337;STEAK TENDA SOLO;STEAK TENDA SOLO;Restaurant;79;20000000;7;6
PC0059;114.082;TFP COFFEE;TFP COFFEE;Coffee Shop;79;10000000;30;6
RS0075;102.127;D'JAVA RESTO;D'JAVA RESTO;Restaurant;79;300000;30;7
RS0100;102.109;GRANDIS RESTO (CV. JATI MAKMUR);CV. JATI MAKMUR;Restaurant;79;10000000;14;7
PC0029;101.065;HEIKA KARANGANYAR;HEIKA KARANGANYAR;Coffee Shop;79;2000000;14;7
PC0033;114.026;HELLO SOLO CAFE;HELLO SOLO CAFE;Coffee Shop;79;200000;14;7
RS0139;102.137;KIMUKATSU (PT. BOGA MAKMUR DINASTI);PT. BOGA MAKMUR DINASTI;Restaurant;79;10000000;14;7
RS0166;102.327;MENUR RESTO;MENUR RESTO;Restaurant;79;5000000;14;7
RS0250;102.154;MILKY MILK SOLO;MILKY MILK SOLO;Restaurant;79;5000000;14;7
RS0276;102.231;RILASSATI KITCHEN AND PASTRY (NIAGARA ANEKA KREASI);RILASSATI KITCHEN AND PASTRY (NIAGARA ANEKA KREASI);Restaurant;79;100000000;14;7
RS0337;102.025;SOCIAL KITCHEN RESTAURANT;SOCIAL KITCHEN RESTAURANT;Restaurant;79;30000000;30;7
RS0303;102.237;SOGA (PT. TRI KUSUMA SANTOSA);PT. TRI KUSUMA SANTOSA;Restaurant;79;50000000;30;7
RS0310;102.21;SOLO STEAK (PAK DIDIK);SOLO STEAK (PAK DIDIK);Restaurant;79;100000000;30;7
RS0329;102.281;TEAK YARD (CV. JATI PERKASA);CV. JATI PERKASA;Restaurant;79;50000000;14;7
RS0356;102.029;XO DIMSUM;XO DIMSUM;Restaurant;79;15000000;30;7
HT0039;101.01;ALLURA AZANA RESORT (PT. UNGGUL RESIR CEMERLANG);PT. UNGGUL RESIR CEMERLANG;Hotel;79;30000000;30;9
HT0003;101.004;ASTON HOTEL SOLO (PT. DUTA MITRA PROPERTINDO);PT. DUTA MITRA PROPERTINDO;Hotel;79;30000000;30;9
HT0012;101.075;FAVE HOTEL SOLO BARU (PT. DELTA MERLIN DUNIA PROPERTI);PT. DELTA MERLIN DUNIA PROPERTI;Hotel;79;5000000;30;9
RS0261;102.306;FRUIT STORY;FRUIT STORY;Restaurant;79;5000000;30;9
PC0028;114.025;GEDHEIN KOPI;GEDHEIN KOPI;Coffee Shop;79;1000000;30;9
RS0244;102.107;GRILL US;GRILL US;Restaurant;79;5000000;30;9
PC0058;114.059;NGOPI SERIUS;NGOPI SERIUS;Coffee Shop;79;5000000;30;9
RS0234;102.02;PRINGSEWU RESTAURANT;PRINGSEWU RESTAURANT;Restaurant;79;15000000;28;9
RS0257;115.046;PUTRI;PUTRI;Restaurant;79;5000000;28;9
RS0245;102.279;TEKSAS RESTO TAWANGMANGU;TEKSAS RESTO TAWANGMANGU;Restaurant;79;1000000;30;9
HT0049;101.007;THE ADHIWANGSA HOTEL SOLO;THE ADHIWANGSA HOTEL SOLO;Hotel;79;50000000;30;9
RS0002;102.031;1863 RESTAURANT & LOUNGE;1863 RESTAURANT & LOUNGE;Restaurant;80;10000000;0;4
RS0005;102.041;AFTER SIX RESTAURANT;AFTER SIX RESTAURANT;Restaurant;80;5000000;0;4
RS0006;102.042;AGENK RESTAURANT;AGENK RESTAURANT;Restaurant;80;5000000;0;4
PC0002;114.001;AJAR NGOPI;AJAR NGOPI;Coffee Shop;80;1000000;30;4
RS0012;102.039;ALL IN DINE;ALL IN DINE;Restaurant;80;5000000;7;4
RS0014;102.037;AMY BAKERY;AMY BAKERY;Restaurant;80;5000000;7;4
RS0365;102.04;A PIZZA;A PIZZA;Restaurant;80;2000000;30;4
HT0020;101.008;AZHIMA HOTEL BANDARA;AZHIMA HOTEL BANDARA;Hotel;80;5000000;28;4
HT0005;101.003;AZIZA HOTEL;AZIZA HOTEL;Hotel;80;10000000;14;4
RS0020;102.05;BAKE IT;BAKE IT;Restaurant;80;5000000;0;4
DS0002;106.007;BANDAR AA;BANDAR AA;Distributor;80;300000;14;4
UM0002;102.333;BAPAK ALEX;BAPAK ALEX;Umum;80;1000000;0;4
UM0021;115.008;BAPAK SIGIT;BAPAK SIGIT;Umum;80;5000000;0;4
PC0007;114.011;BENOWO KOPI;BENOWO KOPI;Coffee Shop;80;1000000;0;4
RS0027;115.017;BLI KADEK SOLO;BLI KADEK SOLO;Restaurant;80;100000;28;4
RS0144;102.059;BOSSGRILL AND BBQ;BOSSGRILL AND BBQ;Restaurant;80;1000000;0;4
UM0007;106.024;BU MARISA (MARISA FINISHING);BU MARISA (MARISA FINISHING);Umum;80;5000000;0;4
RS0040;102.071;CHAO PHRAYA (CV. AMAGI RASA SURAKARTA);CV. AMAGI RASA SURAKARTA;Restaurant;80;1000000;0;4
PC0019;114.016;COKOLADE;COKOLADE;Coffee Shop;80;1000000;7;4
RS0047;102.065;CUPID;CUPID;Restaurant;80;5000000;7;4
RS0068;102.083;DAPUR CAKU-CAKU;DAPUR CAKU-CAKU;Restaurant;80;5000000;0;4
RS0063;102.061;D'COLONELS;D'COLONELS;Restaurant;80;0;0;4
RS0073;102.073;DE SOLO;DE SOLO;Restaurant;80;300000;0;4
RS0076;102.078;D'LIVING RESTAURANT;D'LIVING RESTAURANT;Restaurant;80;5000000;0;4
RS0082;102.289;EATERNITY RESTAURANT;EATERNITY RESTAURANT;Restaurant;80;2000000;7;4
RS0085;102.093;EMPEROR PLACE CHINESE RESTAURANT;EMPEROR PLACE CHINESE RESTAURANT;Restaurant;80;15000000;0;4
RS0090;114.019;EXCELCO THE PARK SOLO BARU;EXCELCO THE PARK SOLO BARU;Restaurant;80;2000000;0;4
PC0026;114.022;FOTO KOPI;FOTO KOPI;Coffee Shop;80;1000000;0;4
RS0099;102.108;GEROBAK PASTA;GEROBAK PASTA;Restaurant;80;1000000;0;4
HT0016;101.021;GRAND LAGUNA;GRAND LAGUNA;Hotel;80;5000000;0;4
RS0106;102.113;HALLO SOLO RESTO;HALLO SOLO RESTO;Restaurant;80;2000000;7;4
RS0115;102.114;HOUSE OF BEER;HOUSE OF BEER;Restaurant;80;5000000;7;4
UM0013;115.047;IBU CITRA/PAK ALBERD;IBU CITRA/PAK ALBERD;Umum;80;2000000;7;4
UM0010;115.032;IBU INDAR BUDI PRASETYA;IBU INDAR BUDI PRASETYA;Umum;80;1000000;0;4
UM0045;115.055;IBU YENNI;IBU YENNI;Umum;80;300000;0;4
RS0123;102.121;ITALIAN DELIGHT PIZZA;ITALIAN DELIGHT PIZZA;Restaurant;80;5000000;0;4
RS0129;113.004;JEJU AYCE (FoC);JEJU AYCE (FoC);Restaurant;80;0;30;4
RS0131;102.141;KAMI BURGER;KAMI BURGER;Restaurant;80;500000;0;4
UM0022;115.035;KARYAWAN INDOGUNA;KARYAWAN INDOGUNA;Karyawan;80;1500000;0;4
RS0135;102.136;KEDAI ABDULLAH;KEDAI ABDULLAH;Restaurant;80;500000;0;4
RS0137;102.131;KEDAI PASTA D'PUTU BUMBUNG;KEDAI PASTA D'PUTU BUMBUNG;Restaurant;80;5000000;7;4
UM0024;115.025;KERIPIK PARU PAK DARMOJO;KERIPIK PARU PAK DARMOJO;Umum;80;300000;14;4
RS0140;102.14;KLASSIKO BAKERY (YUDHISTIRA);KLASSIKO BAKERY (YUDHISTIRA);Restaurant;80;1000000;7;4
CT0002;102.332;KUSUMA SARI;KUSUMA SARI;Catering;80;5000000;7;4
RS0148;102.144;LARISKA RESTO;LARISKA RESTO;Restaurant;80;0;7;4
RS0150;106.009;LAZY COW;LAZY COW;Restaurant;80;15000000;0;4
RS0161;102.156;MAZROONEY CORNER;MAZROONEY CORNER;Restaurant;80;10000000;30;4
DS0016;106.01;MEAT & GROCERIES SOLO;MEAT & GROCERIES SOLO;Distributor;80;300000;0;4
HT0026;101.029;MOVE MEGALAND HOTEL (PT. PAPAN REJEKI LESTARI);PT. PAPAN REJEKI LESTARI;Hotel;80;30000000;7;4
RS0174;115.014;MUMU;MUMU;Restaurant;80;5000000;0;4
RS0177;115.04;NANCY;NANCY;Restaurant;80;300000;0;4
RS0251;102.169;NIAGARA SUSHI HARTONO MALL;NIAGARA SUSHI HARTONO MALL;Restaurant;80;3000000;14;4
RS0183;102.171;NICE SPICE;NICE SPICE;Restaurant;80;10000000;0;4
RS0185;102.18;OBONK SOLO BARU;OBONK SOLO BARU;Restaurant;80;1000000;14;4
RS0190;114.063;OLREST CAFE;OLREST CAFE;Restaurant;80;5000000;0;4
RS0197;102.324;O'PALLET CAFE COFFE N CULINARY;O'PALLET CAFE COFFE N CULINARY;Restaurant;80;5000000;7;4
RS0031;102.216;PACIFIC SOLO;PACIFIC SOLO;Restaurant;80;5000000;14;4
UM0039;115.043;PAK HARI;PAK HARI;Umum;80;5000000;0;4
RS0162;102.192;PANDAN LEAF BAKERY CAKE;PANDAN LEAF BAKERY CAKE;Restaurant;80;300000;14;4
RS0205;102.188;PAPARONS PIZZA SOLO;PAPARONS PIZZA SOLO;Restaurant;80;50000000;0;4
RS0213;102.191;PERMATA HIJAU RESTO;PERMATA HIJAU RESTO;Restaurant;80;300000;0;4
RS0216;102.018;PETI MAS;PETI MAS;Restaurant;80;2000000;7;4
RS0218;114.092;PIORES;PIORES;Restaurant;80;1000000;30;4
RS0223;102.207;PIZZA SLICE KLATEN;PIZZA SLICE KLATEN;Restaurant;80;5000000;7;4
RS0224;114.065;PLANET ESPREZZO;PLANET ESPREZZO;Restaurant;80;300000;0;4
RS0230;102.19;PORTOTINO STEAK;PORTOTINO STEAK;Restaurant;80;300000;0;4
RS0235;114.064;PRIYAI CAFE;PRIYAI CAFE;Restaurant;80;300000;0;4
RS0270;102.233;REBEL GOFOOD JEBRES (PT. REBEL GOFOOD INDONESIA);PT. REBEL GOFOOD INDONESIA;Restaurant;80;5000000;0;4
RS0369;114.073;ROTAN CAFE (ROTI SOELTAN);ROTAN CAFE (ROTI SOELTAN);Restaurant;80;1000000;30;4
RS0283;102.252;SACHI CAKE (NOVITA);SACHI CAKE (NOVITA);Restaurant;80;1000000;0;4
HT0045;115.007;SAHID RAYA (PT. SAHID & CO);PT. SAHID & CO;Hotel;80;2000000;0;4
PC0061;114.077;SANDARAN KOPI;SANDARAN KOPI;Coffee Shop;80;1000000;30;4
CT0005;102.001;SARI ROSO;SARI ROSO;Catering;80;5000000;28;4
RS0290;102.256;SECRET GARDEN SOLO;SECRET GARDEN SOLO;Restaurant;80;1000000;0;4
UM0047;115.051;SMP-SMA INSAN CENDEKIA;SMP-SMA INSAN CENDEKIA;Umum;80;5000000;0;4
RS0057;102.242;SOLO BISTRO;SOLO BISTRO;Restaurant;80;2000000;28;4
RS0316;102.028;STREET FOOD PG.CL MADU;STREET FOOD PG.CL MADU;Restaurant;80;5000000;0;4
RS0320;102.241;SUGOI TEI;SUGOI TEI;Restaurant;80;5000000;0;4
CT0006;104.006;SUNNY CATERING;SUNNY CATERING;Catering;80;5000000;0;4
SM0001;106.019;SUPERINDO GUMPANG SUKOHARJO (PT. LION SUPER INDO);PT. LION SUPER INDO;Supermarket;80;10000000;14;4
RS0325;106.011;SUSHI WAOW MOJOSONGO;SUSHI WAOW MOJOSONGO;Restaurant;80;500000;7;4
RS0324;114.005;SUWASANA COFFE;SUWASANA COFFE;Restaurant;80;5000000;14;4
RS0326;102.318;SWISS BAKERY SEMARANG;SWISS BAKERY SEMARANG;Restaurant;80;3000000;0;4
RS0327;114.083;TAMRIN COFFE;TAMRIN COFFE;Restaurant;80;1000000;0;4
RS0373;114.085;WAFFLE AND CO';WAFFLE AND CO';Restaurant;80;1000000;30;4
RS0343;102.294;WAKO CHICKEN;WAKO CHICKEN;Restaurant;80;5000000;14;4
RS0344;102.297;WAROENK GEAL GEOL;WAROENK GEAL GEOL;Restaurant;80;1000000;0;4
RS0339;102.287;WARUNG 310;WARUNG 310;Restaurant;80;300000;14;4
RS0345;102.032;WARUNG 310;WARUNG 310;Restaurant;80;300000;14;4
RS0015;102.292;WARUNG DEPAN;WARUNG DEPAN;Restaurant;80;500000;7;4
RS0036;102.296;WARUNG JAGO;WARUNG JAGO;Restaurant;80;5000000;0;4
RS0346;115.002;WARUNG MAKAN BU DAR;WARUNG MAKAN BU DAR;Restaurant;80;1000000;0;4
RS0347;102.288;WARUNG ORANGE SOLO;WARUNG ORANGE SOLO;Restaurant;80;5000000;7;4
RS0349;102.286;WARUNG STEAK SOLO;WARUNG STEAK SOLO;Restaurant;80;5000000;0;4
RS0350;102.295;WARUNG UP SIZE;WARUNG UP SIZE;Restaurant;80;500000;0;4
RS0359;114.086;YELLOW TRUCK;YELLOW TRUCK;Restaurant;80;5000000;0;4
DS0018;115.031;IBU FONNY;IBU FONNY;Distributor;80;15000000;7;6
RS0120;102.125;INSHOKU IKI RESTO;INSHOKU IKI RESTO;Restaurant;80;20000000;14;6
RS0155;114.049;LIVING ROOM CAFE TRANSMART;LIVING ROOM CAFE TRANSMART;Restaurant;80;1500000;7;6
RS0158;114.058;MAKALU COFFE;MAKALU COFFE;Restaurant;80;1000000;7;6
RS0168;115.015;MISS PHILO;MISS PHILO;Restaurant;80;5000000;30;6
RS0368;102.312;MOM MILK;MOM MILK;Restaurant;80;1000000;7;6
RS0342;102.285;V JATI;V JATI;Restaurant;80;1000000;7;6
RS0348;102.29;WEST & EAST BISTRO DRINKERY;WEST & EAST BISTRO DRINKERY;Restaurant;80;50000000;30;6
RS0241;114.08;YUKI;YUKI;Restaurant;80;1000000;30;6
PC0014;114.014;CAFE AT EDEN;CAFE AT EDEN;Coffee Shop;80;50000000;14;7
RS0079;102.079;D'S DINNER CAFE & RESTO;D'S DINNER CAFE & RESTO;Restaurant;80;5000000;30;7
PC0030;114.027;HEIKA KOPI KARTASURA;HEIKA KOPI KARTASURA;Coffee Shop;80;30000000;14;7
RS0110;102.012;HIKARU DINING SOLO;HIKARU DINING SOLO;Restaurant;80;10000000;14;7
PC0044;114.039;KOPI NGELAK;KOPI NGELAK;Coffee Shop;80;11000000;14;7
RS0229;102.022;PLATINO RESTAURANT;PLATINO RESTAURANT;Restaurant;80;5000000;30;7
RS0254;102.221;RESTO ROCKET;RESTO ROCKET;Restaurant;80;300000;14;7
RS0294;102.334;SELAKSA GRILL (SFA KARTASURA);SELAKSA GRILL (SFA KARTASURA);Restaurant;80;10000000;14;7
HT0036;101.001;AGAS INTERNATIONAL HOTEL (PT. NIKI SAMI MULYA INDAH);PT. NIKI SAMI MULYA INDAH;Hotel;80;5000000;28;9
HT0033;101.005;ALANA SOLO (PT. DELTA MERLIN DUNIA PROPERTI);PT. DELTA MERLIN DUNIA PROPERTI;Hotel;80;350000000;30;9
RS0243;102.053;BIG BRO;BIG BRO;Restaurant;80;1000000;60;9
RS0242;102.102;FIFTY RESTAURANT;FIFTY RESTAURANT;Restaurant;80;5000000;30;9
RS0260;102.11;GAMON RESTO;GAMON RESTO;Restaurant;80;1000000;28;9
RS0102;114.023;GRINGO'S CAFE;GRINGO'S CAFE;Restaurant;80;0;28;9
RS0246;102.16;MAD BOTTLE;MAD BOTTLE;Restaurant;80;5000000;30;9
RS0237;102.194;PUTU BUMBUNG;PUTU BUMBUNG;Restaurant;80;300000;30;9
RS0258;102.262;STEAK ON STREET;STEAK ON STREET;Restaurant;80;5000000;30;9
HT0047;101.051;SWISS-BELL HOTEL SOLO (PT. DELTA MERLIN DUNIA PROPERTI);PT. DELTA MERLIN DUNIA PROPERTI;Hotel;80;150000000;30;9
RS0007;102.044;AIRA RESTAURANT THE PARK;AIRA RESTAURANT THE PARK;Restaurant;81;1000000;7;4
RS0008;102.033;AIRU SUSHI RESTAURANT;AIRU SUSHI RESTAURANT;Restaurant;81;300000;28;4
RS0011;102.038;ALFREDO CASUAL KITCHEN;ALFREDO CASUAL KITCHEN;Restaurant;81;2000000;35;4
RS0009;110.004;AL GHUROBA;AL GHUROBA;Restaurant;81;5000000;30;4
RS0013;102.046;AMIRA SANDWICH & RESTO;AMIRA SANDWICH & RESTO;Restaurant;81;5000000;0;4
RS0017;102.035;AYAM-AYAM RESTO KLATEN;AYAM-AYAM RESTO KLATEN;Restaurant;81;2000000;0;4
RS0018;102.043;AYAM GEPREK ABANG IRENG;AYAM GEPREK ABANG IRENG;Restaurant;81;1000000;30;4
RS0019;102.123;AYAM GEPREK IBU MUMU;AYAM GEPREK IBU MUMU;Restaurant;81;2000000;0;4
HT0004;102.005;AYOM JAVA VILLAGE;AYOM JAVA VILLAGE;Hotel;81;0;0;4
UM0020;115.042;BAPAK AJIB;BAPAK AJIB;Umum;81;1000000;14;4
UM0005;110.002;BAPAK WIJIYANTO;BAPAK WIJIYANTO;Umum;81;1000000;0;4
RS0026;102.008;BLACK ARION;BLACK ARION;Restaurant;81;1000000;0;4
RS0029;102.058;BOBA TIME;BOBA TIME;Restaurant;81;1000000;0;4
UM0046;101.068;BU NOVI;BU NOVI;Umum;81;1000000;7;4
PC0015;114.013;CAFE MILLENIAL;CAFE MILLENIAL;Coffee Shop;81;1000000;30;4
PC0020;102.069;COMITEA;COMITEA;Coffee Shop;81;500000;0;4
RS0054;102.085;DAVE'S STEAK HOUSE;DAVE'S STEAK HOUSE;Restaurant;81;5000000;14;4
RS0064;102.048;DD PANTRY;DD PANTRY;Restaurant;81;0;7;4
RS0127;102.09;DOBUTZO RESTAURANT;DOBUTZO RESTAURANT;Restaurant;81;5000000;0;4
RS0080;102.087;D'STADION RESTAURANT;D'STADION RESTAURANT;Restaurant;81;1000000;0;4
RS0050;102.098;EC KAROUKE SOLO;EC KAROUKE SOLO;Restaurant;81;5000000;14;4
RS0086;115.026;ENI MANDIRI;ENI MANDIRI;Restaurant;81;5000000;0;4
RS0091;114.02;EXCELSO SOLO;EXCELSO SOLO;Restaurant;81;5000000;0;4
PC0027;114.021;FRAPIO COFFEE HOUSE & ICE CREAM;FRAPIO COFFEE HOUSE & ICE CREAM;Coffee Shop;81;300000;14;4
RS0103;102.323;GUDEG MBAK YUS;GUDEG MBAK YUS;Restaurant;81;1000000;0;4
RS0107;106.001;HAPPY TUTI;HAPPY TUTI;Restaurant;81;5000000;0;4
UM0015;115.009;IBU ERINA;IBU ERINA;Umum;81;5000000;0;4
RS0117;114.031;IEKE COFFE GELLATO;IEKE COFFE GELLATO;Restaurant;81;5000000;0;4
HT0032;115.027;INTERNATIONAL HOTEL MANAGEMENT HOTEL SOLO;INTERNATIONAL HOTEL MANAGEMENT HOTEL SOLO;Hotel;81;5000000;0;4
RS0164;102.134;KAMPOENG BAROE;KAMPOENG BAROE;Restaurant;81;1000000;14;4
PC0035;114.044;KATIGA COFFEE;KATIGA COFFEE;Coffee Shop;81;1000000;0;4
PC0037;114.036;KEDAI KOPI MATARAM;KEDAI KOPI MATARAM;Coffee Shop;81;2000000;7;4
RS0142;102.311;KEDAI SARANG BAKERY;KEDAI SARANG BAKERY;Restaurant;81;20000000;7;4
UM0025;102.245;KERIPIK PARU SARI ROSO (2);KERIPIK PARU SARI ROSO (2);Umum;81;5000000;7;4
RS0141;102.142;KOCHAMJJANG;KOCHAMJJANG;Restaurant;81;1000000;0;4
PC0045;114.043;KOPI OPA DELANGGU;KOPI OPA DELANGGU;Coffee Shop;81;1000000;7;4
PC0046;114.046;KOPI PAK NO;KOPI PAK NO;Coffee Shop;81;1000000;7;4
PC0047;114.041;KOPI SI BUDI;KOPI SI BUDI;Coffee Shop;81;5000000;7;4
HT0021;101.025;KYRIAD ARRA HOTEL CEPU;KYRIAD ARRA HOTEL CEPU;Hotel;81;10000000;7;4
RS0147;102.145;LA TAVERNA RESTO;LA TAVERNA RESTO;Restaurant;81;2000000;7;4
HT0024;101.026;LOR IN HOTEL (PT. ANOM SOLO SARANATAMA);PT. ANOM SOLO SARANATAMA;Hotel;81;20000000;0;4
RS0163;114.057;MBAH MAN TAWANGMANGU;MBAH MAN TAWANGMANGU;Restaurant;81;1000000;7;4
RS0165;102.153;MELLY GLOW KTV (PT. MITRA INTI CIPTA PERKASA);PT. MITRA INTI CIPTA PERKASA;Restaurant;81;5000000;0;4
PC0022;114.056;MODUS CAFE;MODUS CAFE;Coffee Shop;81;5000000;14;4
UM0032;115.019;MR. BRUCE;MR. BRUCE;Umum;81;300000;0;4
RS0182;102.168;NIAGARA SUSHI PARAGON;NIAGARA SUSHI PARAGON;Restaurant;81;3000000;0;4
RS0186;102.178;OBONK STEAK 2;OBONK STEAK 2;Restaurant;81;300000;0;4
RS0191;106.018;OMAH FROZEN FOOD;OMAH FROZEN FOOD;Restaurant;81;10000000;0;4
RS0198;102.185;OPPAPIZZA CAFE;OPPAPIZZA CAFE;Restaurant;81;1000000;7;4
UM0034;115.044;PAK AWI;PAK AWI;Umum;81;100000;0;4
UM0041;115.004;PAK KRISTIJONO;PAK KRISTIJONO;Umum;81;10000000;0;4
RS0204;102.196;PANTIES PIZZA;PANTIES PIZZA;Restaurant;81;20000000;0;4
PC0054;114.072;PINARA COFFEE;PINARA COFFEE;Coffee Shop;81;1000000;0;4
RS0225;102.317;PLANET RAMAYANA;PLANET RAMAYANA;Restaurant;81;300000;0;4
RS0274;102.214;PODJOK LAMPU;PODJOK LAMPU;Restaurant;81;1000000;7;4
RS0238;102.217;QUEEN PIZZA SOLO;QUEEN PIZZA SOLO;Restaurant;81;1000000;7;4
RS0247;102.326;RAJA SIOBAK;RAJA SIOBAK;Restaurant;81;1000000;0;4
RS0266;102.227;RAJA STEAK;RAJA STEAK;Restaurant;81;5000000;0;4
RS0271;102.232;REBEL GOFOOD LAWEYAN (PT. REBEL GOFOOD INDONESIA);PT. REBEL GOFOOD INDONESIA;Restaurant;81;5000000;7;4
HT0042;115.049;RS. INDRIATI (PT.DELTA MERLIN);PT. DELTA MERLIN;Hotel;81;10000000;14;4
RS0262;102.027;SAE CHICKEN;SAE CHICKEN;Restaurant;81;5000000;14;4
RS0285;102.259;SALAD AZZANA;SALAD AZZANA;Restaurant;81;3000000;0;4
RS0248;102.263;SAPI MELET;SAPI MELET;Restaurant;81;500000;28;4
RS0291;102.261;SEI AMARASI;SEI AMARASI;Restaurant;81;5000000;14;4
RS0293;102.257;SEKOPEE RESTAURAN;SEKOPEE RESTAURAN;Restaurant;81;1000000;30;4
RS0295;102.002;SELAT & SOP MATAHARI PUSPPA;SELAT & SOP MATAHARI PUSPPA;Restaurant;81;1000000;30;4
DS0022;102.33;SENTRAL PANGAN;SENTRAL PANGAN;Distributor;81;2000000;14;4
PC0064;114.078;SENYAWA KOPI;SENYAWA KOPI;Coffee Shop;81;1000000;0;4
RS0296;102.244;SERAE PIZZA;SERAE PIZZA;Restaurant;81;5000000;0;4
RS0297;115.053;SETIA INDARTI;SETIA INDARTI;Restaurant;81;1000000;7;4
RS0302;102.265;SOCKI;SOCKI;Restaurant;81;5000000;0;4
PC0065;114.074;SOFT KOPI;SOFT KOPI;Coffee Shop;81;1000000;0;4
RS0058;102.236;SOLO DAUN;SOLO DAUN;Restaurant;81;300000;28;4
RS0317;114.004;STUDIO KOPI;STUDIO KOPI;Restaurant;81;2000000;7;4
DS0024;106.023;UD. ALASKA FOOD SERVICE;UD. ALASKA FOOD SERVICE;Distributor;81;20000000;0;4
DS0025;102.004;UD ARGA SARI;UD ARGA SARI;Distributor;81;300000;0;4
DS0026;106.027;UD. SALIM;UD. SALIM;Distributor;81;300000;14;4
RS0338;115.054;UNY EPPY;UNY EPPY;Restaurant;81;5000000;0;4
PC0068;114.084;UP DATE COFFEE;UP DATE COFFEE;Coffee Shop;81;5000000;30;4
RS0340;102.284;VENICE PIZZA;VENICE PIZZA;Restaurant;81;1000000;0;4
RS0341;102.283;VIOLET RESTO;VIOLET RESTO;Restaurant;81;1000000;30;4
DS0027;102.308;YUMMY BEEF;YUMMY BEEF;Distributor;81;1000000;0;4
RS0360;102.3;YU REBI;YU REBI;Restaurant;81;500000;14;4
RS0361;114.087;ZAITUN CAFE;ZAITUN CAFE;Restaurant;81;5000000;0;4
RS0363;102.03;Zeppelin cafe & eatry;Zeppelin cafe & eatry;Restaurant;81;1000000;28;4
PC0069;114.088;ZEPPIN COFFEE;ZEPPIN COFFEE;Coffee Shop;81;5000000;0;4
HT0051;101.055;ZEST HOTEL SOLO (PT. BUMI HARAPAN INDAH);PT. BUMI HARAPAN INDAH;Hotel;81;1000000;0;4
RS0021;102.126;BAKERY JENNI;BAKERY JENNI;Restaurant;81;300000;14;6
RS0023;102.056;BBQIU FUSION GRILL HOUSE;BBQIU FUSION GRILL HOUSE;Restaurant;81;1000000;7;6
PC0006;102.054;BERANDA RUMAH;BERANDA RUMAH;Coffee Shop;81;5000000;7;6
RS0028;102.31;BLONJO KUE;BLONJO KUE;Restaurant;81;300000;7;6
RS0041;102.066;CHILLI PEPPER;CHILLI PEPPER;Restaurant;81;5000000;60;6
DS0008;102.067;DEVORA DIARY;DEVORA DIARY;Distributor;81;5000000;7;6
RS0072;102.105;GRAINS & DOUGHT;GRAINS & DOUGHT;Restaurant;81;5000000;7;6
UM0016;102.152;IBU IWEN (MANDARIN HTL);IBU IWEN (MANDARIN HTL);Umum;81;2000000;30;6
RS0052;102.151;LEGACY;LEGACY;Restaurant;81;1000000;30;6
RS0178;114.06;NATAHATI COFFE (PT. RUANG TEDUH INDONESIA);PT. RUANG TEDUH INDONESIA;Restaurant;81;10000000;7;6
RS0217;102.211;PHI PHI RESTAURANT;PHI PHI RESTAURANT;Restaurant;81;6000000;7;6
RS0048;102.32;CV.DAPURAME (BOGA KITCHEN);CV.DAPURAME;Restaurant;81;1000000;14;7
RS0097;101.022;GARDEN HOUSE;GARDEN HOUSE;Restaurant;81;1000000;14;7
PC0031;114.03;HEIKA KOPI MANGKUNEGARAN;HEIKA KOPI MANGKUNEGARAN;Coffee Shop;81;1000000;14;7
DS0005;106.015;JAKA MEATSHOP;JAKA MEATSHOP;Distributor;81;5000000;14;7
RS0128;102.309;JOY BAKERY;JOY BAKERY;Restaurant;81;1000000;14;7
DS0012;102.167;MADJA (CV. TIGA PILLAR SEJATI);CV. TIGA PILLAR SEJATI;Distributor;81;20000000;30;7
RS0252;114.055;MY KOPI-O SOLO;MY KOPI-O SOLO;Restaurant;81;10000000;14;7
RS0233;101.035;POST IN HOTEL SOLO;POST IN HOTEL SOLO;Restaurant;81;0;30;7
RS0253;102.319;RESWARA;RESWARA;Restaurant;81;1000000;14;7
RS0280;102.023;ROTI BAKIR;ROTI BAKIR;Restaurant;81;1000000;14;7
RS0328;106.021;TAT'S HOUSE;TAT'S HOUSE;Restaurant;81;5000000;14;7
HT0037;101.009;ALLIUM CEPU HOTEL (PT.GO CELL INTERNATIONAL);PT.GO CELL INTERNATIONAL;Hotel;81;10000000;28;9
PC0057;114.006;AWOR COFFEE KLATEN;AWOR COFFEE KLATEN;Coffee Shop;81;1000000;60;9
RS0093;102.103;FITSARIA;FITSARIA;Restaurant;81;5000000;30;9
HT0017;101.071;GRAND MERCURE SOLO BARU (PT. DELTA MERLIN DUNIA PROPERTI);PT. DELTA MERLIN DUNIA PROPERTI;Hotel;81;100000000;30;9
RS0101;102.115;HUNGRY BEAR;HUNGRY BEAR;Restaurant;81;5000000;30;9
RS0016;102.034;ATRIA RESTO & CAFE;ATRIA RESTO & CAFE;Restaurant;-1;0;30;4
